<?xml version="1.0" encoding="UTF-8"?>
<!--
	Licensed Materials - Property of IBM
	5725-I43 (C) Copyright IBM Corp. 2011, 2016. All Rights Reserved.
	US Government Users Restricted Rights - Use, duplication or
	disclosure restricted by GSA ADP Schedule Contract with IBM Corp.
-->
<mfp:adapter name="UserLogin"
	xmlns:xsi="http://www.w3.org/2001/XMLSchema-instance" 
	xmlns:mfp="http://www.ibm.com/mfp/integration"
	xmlns:http="http://www.ibm.com/mfp/integration/http">

	<displayName>UserLogin</displayName>
	<description>UserLogin</description>

	<securityCheckDefinition name="UserLogin" class="com.sample.UserLoginSecurityCheck">
		<property name="maxAttempts" defaultValue="3" displayName="How many attempts are allowed"/>
		<property name="blockedStateExpirationSec" defaultValue="10" displayName="How long before the client can try again (seconds)"/>
		<property name="successStateExpirationSec" defaultValue="60" displayName="How long is a successful state valid for (seconds)"/>
	</securityCheckDefinition>

</mfp:adapter>
